{"cameraMode":{"drawMode":0,"name":"Shaded","section":"Shading Mode"},"sceneLighting":true,"audioPlay":false,"sceneViewState":{"m_AlwaysRefresh":false,"showFog":true,"showSkybox":true,"showFlares":true,"showImageEffects":true,"showParticleSystems":true,"showVisualEffectGraphs":true,"m_FxEnabled":true},"in2DMode":false,"pivot":{"x":1.9623568058013917,"y":-1.5976413488388062,"z":1.2110761404037476},"rotation":{"x":0.2302682101726532,"y":0.5971055626869202,"z":-0.1843142956495285,"w":0.7459877729415894},"size":2.0061118602752687,"orthographic":false}