{"cameraMode":{"drawMode":0,"name":"Shaded","section":"Shading Mode"},"sceneLighting":true,"audioPlay":false,"sceneViewState":{"m_AlwaysRefresh":false,"showFog":true,"showSkybox":true,"showFlares":true,"showImageEffects":true,"showParticleSystems":true,"showVisualEffectGraphs":true,"m_FxEnabled":true},"in2DMode":false,"pivot":{"x":-19.95171356201172,"y":-7.470363616943359,"z":0.17214392125606538},"rotation":{"x":-0.12715505063533784,"y":0.6903147101402283,"z":-0.12518811225891114,"w":-0.7011756300926209},"size":11.285740852355957,"orthographic":false}