{"cameraMode":{"drawMode":0,"name":"Shaded","section":"Shading Mode"},"sceneLighting":true,"audioPlay":false,"sceneViewState":{"m_AlwaysRefresh":false,"showFog":true,"showSkybox":true,"showFlares":true,"showImageEffects":true,"showParticleSystems":true,"showVisualEffectGraphs":true,"m_FxEnabled":true},"in2DMode":false,"pivot":{"x":0.15066376328468324,"y":0.055603548884391788,"z":0.04786822199821472},"rotation":{"x":-0.08541684597730637,"y":-0.6689683198928833,"z":0.07782081514596939,"w":-0.7342583537101746},"size":0.5111459493637085,"orthographic":false}