{"cameraMode":{"drawMode":0,"name":"Shaded","section":"Shading Mode"},"sceneLighting":true,"audioPlay":false,"sceneViewState":{"m_AlwaysRefresh":false,"showFog":true,"showSkybox":true,"showFlares":true,"showImageEffects":true,"showParticleSystems":true,"showVisualEffectGraphs":true,"m_FxEnabled":true},"in2DMode":false,"pivot":{"x":-1.5179442167282105,"y":-1.5363378524780274,"z":2.244396686553955},"rotation":{"x":0.15218107402324677,"y":-0.22986972332000733,"z":0.03643595799803734,"w":0.9605879783630371},"size":1.892694354057312,"orthographic":true}