{"cameraMode":{"drawMode":0,"name":"Shaded","section":"Shading Mode"},"sceneLighting":true,"audioPlay":false,"sceneViewState":{"m_AlwaysRefresh":false,"showFog":true,"showSkybox":true,"showFlares":true,"showImageEffects":true,"showParticleSystems":true,"showVisualEffectGraphs":true,"m_FxEnabled":true},"in2DMode":false,"pivot":{"x":440.1688232421875,"y":1593.2044677734375,"z":147.37722778320313},"rotation":{"x":-0.07249104231595993,"y":-0.03888969123363495,"z":0.0028474568389356138,"w":-0.9966275691986084},"size":373.79742431640627,"orthographic":true}