{"cameraMode":{"drawMode":0,"name":"Shaded","section":"Shading Mode"},"sceneLighting":true,"audioPlay":false,"sceneViewState":{"m_AlwaysRefresh":false,"showFog":true,"showSkybox":true,"showFlares":true,"showImageEffects":true,"showParticleSystems":true,"showVisualEffectGraphs":true,"m_FxEnabled":true},"in2DMode":false,"pivot":{"x":-0.08624410629272461,"y":0.21350902318954469,"z":0.13468442857265473},"rotation":{"x":-0.12992705404758454,"y":0.7014765739440918,"z":-0.13244126737117768,"w":-0.6881358027458191},"size":1.942011833190918,"orthographic":false}