{"cameraMode":{"drawMode":0,"name":"Shaded","section":"Shading Mode"},"sceneLighting":true,"audioPlay":false,"sceneViewState":{"m_AlwaysRefresh":false,"showFog":true,"showSkybox":true,"showFlares":true,"showImageEffects":true,"showParticleSystems":true,"showVisualEffectGraphs":true,"m_FxEnabled":true},"in2DMode":false,"pivot":{"x":202.81768798828126,"y":217.63572692871095,"z":390.81134033203127},"rotation":{"x":-0.09637166559696198,"y":0.17816802859306336,"z":-0.017533252015709878,"w":-0.9791226387023926},"size":479.6031799316406,"orthographic":false}